{
  "cab": [
    {
      "id": 1,
      "carName": "Peugeot Citroen",
      "carBrand": "Peugeot",
      "carImage": "assets/images/cab/car/5.png",
      "brandLogo": "assets/images/cab/logo/peugeot-logo.png",
      "owner_type": "company",
      "carImages": [
        {
          "url": "assets/images/cab/car/12.jpg",
          "fileType": "image"
        },
        {
          "url": "assets/images/cab/car/13.jpg",
          "fileType": "image"
        }
      ],
      "carType": "car_list_page.car_type.sadan",
      "status": "car_list_page.status.available",
      "isAddWishlist": false,
      "unlimittedMileage": true,
      "offer_discount": 25,
      "price": 1200,
      "fare": 25,
      "per_km": 10,
      "passenger": 5,
      "luggage": 2,
      "gearbox": "car_list_page.car_option.automatic",
      "carOption": "automatic",
      "rating": 4,
      "review": 24,
      "category": "popular",
      "tags": [
        "company",
        "peugeot",
        "sadan",
        "four",
        "1_5",
        "automatic"
      ]
    },
    {
      "id": 2,
      "carName": "Suzuki",
      "carBrand": "Suzuki",
      "carImage": "assets/images/cab/car/6.png",
      "brandLogo": "assets/images/cab/logo/suzuki-logo.png",
      "owner_type": "owner",
      "carImages": [
        {
          "url": "assets/images/cab/car/14.jpg",
          "fileType": "image"
        },
        {
          "url": "assets/images/cab/car/15.jpg",
          "fileType": "image"
        }
      ],
      "carType": "car_list_page.car_type.medium",
      "status": "car_list_page.status.booked",
      "isAddWishlist": false,
      "unlimittedMileage": true,
      "offer_discount": 0,
      "price": 1500,
      "fare": 20,
      "per_km": 12,
      "passenger": 4,
      "luggage": 2,
      "gearbox": "car_list_page.car_option.manual",
      "carOption": "manual",
      "rating": 2,
      "review": 22,
      "category": "latest",
      "tags": [
        "owner",
        "suzuki",
        "medium",
        "two",
        "1_5",
        "manual"
      ]
    },
    {
      "id": 3,
      "carName": "Fiat Chrysler",
      "carBrand": "Fiat",
      "carImage": "assets/images/cab/car/7.png",
      "brandLogo": "assets/images/cab/logo/Fiat-logo.png",
      "owner_type": "company",
      "carImages": [
        {
          "url": "assets/images/cab/car/16.jpg",
          "fileType": "image"
        },
        {
          "url": "assets/images/cab/car/17.jpg",
          "fileType": "image"
        }
      ],
      "carType": "car_list_page.car_type.mini",
      "status": "car_list_page.status.available",
      "isAddWishlist": false,
      "unlimittedMileage": true,
      "price": 1300,
      "fare": 22,
      "per_km": 11,
      "passenger": 2,
      "luggage": 1,
      "gearbox": "car_list_page.car_option.automatic",
      "carOption": "air conditioning",
      "rating": 4,
      "review": 24,
      "category": "popular",
      "tags": [
        "company",
        "fiat",
        "mini",
        "four",
        "1_5",
        "air_conditioning"
      ]
    },
    {
      "id": 4,
      "carName": "Honda",
      "carBrand": "Honda",
      "carImage": "assets/images/cab/car/8.png",
      "brandLogo": "assets/images/cab/logo/honda-logo.png",
      "owner_type": "owner",
      "carImages": [
        {
          "url": "assets/images/cab/car/17.jpg",
          "fileType": "image"
        },
        {
          "url": "assets/images/cab/car/19.jpg",
          "fileType": "image"
        }
      ],
      "carType": "car_list_page.car_type.standard",
      "status": "car_list_page.status.available",
      "isAddWishlist": false,
      "unlimittedMileage": true,
      "price": 1600,
      "fare": 27,
      "per_km": 15,
      "passenger": 6,
      "luggage": 3,
      "gearbox": "car_list_page.car_option.automatic",
      "carOption": "automatic",
      "rating": 5,
      "review": 25,
      "category": "latest",
      "tags": [
        "owner",
        "honda",
        "standard",
        "five",
        "6_10",
        "automatic"
      ]
    },
    {
      "id": 5,
      "carName": "Ford",
      "carBrand": "Ford",
      "carImage": "assets/images/cab/car/9.png",
      "brandLogo": "assets/images/cab/logo/Ford-logo.png",
      "owner_type": "company",
      "carImages": [
        {
          "url": "assets/images/cab/car/20.jpg",
          "fileType": "image"
        },
        {
          "url": "assets/images/cab/car/13.jpg",
          "fileType": "image"
        }
      ],
      "carType": "car_list_page.car_type.tempo",
      "status": "car_list_page.status.booked",
      "isAddWishlist": false,
      "unlimittedMileage": true,
      "offer_discount": 5,
      "price": 2000,
      "fare": 30,
      "per_km": 20,
      "passenger": 6,
      "luggage": 3,
      "gearbox": "car_list_page.car_option.manual",
      "carOption": "manual",
      "rating": 5,
      "review": 25,
      "category": "popular",
      "tags": [
        "company",
        "ford",
        "tempo",
        "five",
        "6_10",
        "manual"
      ]
    },
    {
      "id": 6,
      "carName": "Hyundai-Kia",
      "carBrand": "Hyundai",
      "carImage": "assets/images/cab/car/10.png",
      "brandLogo": "assets/images/cab/logo/Hyundai-Logo.jpg",
      "owner_type": "company",
      "carImages": [
        {
          "url": "assets/images/cab/car/14.jpg",
          "fileType": "image"
        },
        {
          "url": "assets/images/cab/car/15.jpg",
          "fileType": "image"
        }
      ],
      "carType": "car_list_page.car_type.SUV",
      "status": "car_list_page.status.booked",
      "isAddWishlist": false,
      "unlimittedMileage": true,
      "offer_discount": 5,
      "price": 1200,
      "fare": 25,
      "per_km": 10,
      "passenger": 12,
      "luggage": 2,
      "gearbox": "car_list_page.car_option.automatic",
      "carOption": "automatic",
      "rating": 4,
      "review": 24,
      "category": "trend",
      "tags": [
        "company",
        "hyundai",
        "suv",
        "four",
        "10_more",
        "automatic"
      ]
    },
    {
      "id": 7,
      "carName": "General Motors",
      "carBrand": "General",
      "carImage": "assets/images/cab/car/11.png",
      "brandLogo": "assets/images/cab/logo/General_Motors-logo.png",
      "owner_type": "company",
      "carImages": [
        {
          "url": "assets/images/cab/car/16.jpg",
          "fileType": "image"
        },
        {
          "url": "assets/images/cab/car/17.jpg",
          "fileType": "image"
        }
      ],
      "carType": "car_list_page.car_type.luxury",
      "status": "car_list_page.status.available",
      "isAddWishlist": false,
      "unlimittedMileage": true,
      "price": 1300,
      "fare": 22,
      "per_km": 11,
      "passenger": 2,
      "luggage": 1,
      "gearbox": "car_list_page.car_option.automatic",
      "carOption": "air conditioning",
      "rating": 3,
      "review": 23,
      "category": "trend",
      "tags": [
        "company",
        "general",
        "luxury",
        "three",
        "1_5",
        "air_conditioning"
      ]
    },
    {
      "id": 8,
      "carName": "Suzuki",
      "carBrand": "Suzuki",
      "carImage": "assets/images/cab/car/6.png",
      "brandLogo": "assets/images/cab/logo/suzuki-logo.png",
      "owner_type": "company",
      "carImages": [
        {
          "url": "assets/images/cab/car/14.jpg",
          "fileType": "image"
        },
        {
          "url": "assets/images/cab/car/15.jpg",
          "fileType": "image"
        }
      ],
      "carType": "car_list_page.car_type.medium",
      "status": "car_list_page.status.available",
      "isAddWishlist": false,
      "unlimittedMileage": true,
      "price": 1500,
      "fare": 20,
      "per_km": 12,
      "passenger": 14,
      "luggage": 2,
      "gearbox": "car_list_page.car_option.manual",
      "carOption": "manual",
      "rating": 2,
      "review": 22,
      "category": "latest",
      "tags": [
        "company",
        "suzuki",
        "medium",
        "two",
        "10_more",
        "manual"
      ]
    },
    {
      "id": 1,
      "carName": "Peugeot Citroen",
      "carBrand": "Peugeot",
      "carImage": "assets/images/cab/car/5.png",
      "brandLogo": "assets/images/cab/logo/peugeot-logo.png",
      "owner_type": "company",
      "carImages": [
        {
          "url": "assets/images/cab/car/12.jpg",
          "fileType": "image"
        },
        {
          "url": "assets/images/cab/car/13.jpg",
          "fileType": "image"
        }
      ],
      "carType": "car_list_page.car_type.sadan",
      "status": "car_list_page.status.available",
      "isAddWishlist": false,
      "unlimittedMileage": true,
      "price": 1200,
      "fare": 25,
      "per_km": 10,
      "passenger": 5,
      "luggage": 2,
      "gearbox": "car_list_page.car_option.automatic",
      "carOption": "automatic",
      "rating": 4,
      "review": 24,
      "category": "popular",
      "tags": [
        "company",
        "peugeot",
        "sadan",
        "four",
        "1_5",
        "automatic"
      ]
    },
    {
      "id": 2,
      "carName": "Suzuki",
      "carBrand": "Suzuki",
      "carImage": "assets/images/cab/car/6.png",
      "brandLogo": "assets/images/cab/logo/suzuki-logo.png",
      "owner_type": "company",
      "carImages": [
        {
          "url": "assets/images/cab/car/14.jpg",
          "fileType": "image"
        },
        {
          "url": "assets/images/cab/car/15.jpg",
          "fileType": "image"
        }
      ],
      "carType": "car_list_page.car_type.medium",
      "status": "car_list_page.status.available",
      "isAddWishlist": false,
      "unlimittedMileage": true,
      "price": 1500,
      "fare": 20,
      "per_km": 12,
      "passenger": 4,
      "luggage": 2,
      "gearbox": "car_list_page.car_option.manual",
      "carOption": "manual",
      "rating": 2,
      "review": 22,
      "category": "latest",
      "tags": [
        "company",
        "suzuki",
        "medium",
        "two",
        "1_5",
        "manual"
      ]
    },
    {
      "id": 3,
      "carName": "Fiat Chrysler",
      "carBrand": "Fiat",
      "carImage": "assets/images/cab/car/7.png",
      "brandLogo": "assets/images/cab/logo/Fiat-logo.png",
      "owner_type": "company",
      "carImages": [
        {
          "url": "assets/images/cab/car/16.jpg",
          "fileType": "image"
        },
        {
          "url": "assets/images/cab/car/17.jpg",
          "fileType": "image"
        }
      ],
      "carType": "car_list_page.car_type.mini",
      "status": "car_list_page.status.available",
      "isAddWishlist": false,
      "unlimittedMileage": true,
      "price": 1300,
      "fare": 22,
      "per_km": 11,
      "passenger": 2,
      "luggage": 1,
      "gearbox": "car_list_page.car_option.automatic",
      "carOption": "air conditioning",
      "rating": 4,
      "review": 24,
      "category": "popular",
      "tags": [
        "company",
        "fiat",
        "mini",
        "four",
        "1_5",
        "air_conditioning"
      ]
    },
    {
      "id": 4,
      "carName": "Honda",
      "carBrand": "Honda",
      "carImage": "assets/images/cab/car/8.png",
      "brandLogo": "assets/images/cab/logo/honda-logo.png",
      "owner_type": "company",
      "carImages": [
        {
          "url": "assets/images/cab/car/17.jpg",
          "fileType": "image"
        },
        {
          "url": "assets/images/cab/car/19.jpg",
          "fileType": "image"
        }
      ],
      "carType": "car_list_page.car_type.standard",
      "status": "car_list_page.status.available",
      "isAddWishlist": false,
      "unlimittedMileage": true,
      "price": 1600,
      "fare": 27,
      "per_km": 15,
      "passenger": 6,
      "luggage": 3,
      "gearbox": "car_list_page.car_option.automatic",
      "carOption": "automatic",
      "rating": 5,
      "review": 25,
      "category": "latest",
      "tags": [
        "company",
        "honda",
        "standard",
        "five",
        "6_10",
        "automatic"
      ]
    },
    {
      "id": 5,
      "carName": "Ford",
      "carBrand": "Ford",
      "carImage": "assets/images/cab/car/9.png",
      "brandLogo": "assets/images/cab/logo/Ford-logo.png",
      "owner_type": "company",
      "carImages": [
        {
          "url": "assets/images/cab/car/20.jpg",
          "fileType": "image"
        },
        {
          "url": "assets/images/cab/car/13.jpg",
          "fileType": "image"
        }
      ],
      "carType": "car_list_page.car_type.tempo",
      "status": "car_list_page.status.available",
      "isAddWishlist": false,
      "unlimittedMileage": true,
      "price": 2000,
      "fare": 30,
      "per_km": 20,
      "passenger": 6,
      "luggage": 3,
      "gearbox": "car_list_page.car_option.manual",
      "carOption": "manual",
      "rating": 5,
      "review": 25,
      "category": "popular",
      "tags": [
        "company",
        "ford",
        "tempo",
        "five",
        "6_10",
        "manual"
      ]
    },
    {
      "id": 6,
      "carName": "Hyundai-Kia",
      "carBrand": "Hyundai",
      "carImage": "assets/images/cab/car/10.png",
      "brandLogo": "assets/images/cab/logo/Hyundai-Logo.jpg",
      "owner_type": "company",
      "carImages": [
        {
          "url": "assets/images/cab/car/14.jpg",
          "fileType": "image"
        },
        {
          "url": "assets/images/cab/car/15.jpg",
          "fileType": "image"
        }
      ],
      "carType": "car_list_page.car_type.SUV",
      "status": "car_list_page.status.available",
      "isAddWishlist": false,
      "unlimittedMileage": true,
      "price": 1200,
      "fare": 25,
      "per_km": 10,
      "passenger": 12,
      "luggage": 2,
      "gearbox": "car_list_page.car_option.automatic",
      "carOption": "automatic",
      "rating": 4,
      "review": 24,
      "category": "trend",
      "tags": [
        "company",
        "hyundai",
        "suv",
        "four",
        "10_more",
        "automatic"
      ]
    },
    {
      "id": 7,
      "carName": "General Motors",
      "carBrand": "General",
      "carImage": "assets/images/cab/car/11.png",
      "brandLogo": "assets/images/cab/logo/General_Motors-logo.png",
      "owner_type": "company",
      "carImages": [
        {
          "url": "assets/images/cab/car/16.jpg",
          "fileType": "image"
        },
        {
          "url": "assets/images/cab/car/17.jpg",
          "fileType": "image"
        }
      ],
      "carType": "car_list_page.car_type.luxury",
      "status": "car_list_page.status.available",
      "isAddWishlist": false,
      "unlimittedMileage": true,
      "price": 1300,
      "fare": 22,
      "per_km": 11,
      "passenger": 2,
      "luggage": 1,
      "gearbox": "car_list_page.car_option.automatic",
      "carOption": "air conditioning",
      "rating": 3,
      "review": 23,
      "category": "trend",
      "tags": [
        "company",
        "general",
        "luxury",
        "three",
        "1_5",
        "air_conditioning"
      ]
    },
    {
      "id": 8,
      "carName": "Suzuki",
      "carBrand": "Suzuki",
      "carImage": "assets/images/cab/car/6.png",
      "brandLogo": "assets/images/cab/logo/suzuki-logo.png",
      "owner_type": "company",
      "carImages": [
        {
          "url": "assets/images/cab/car/14.jpg",
          "fileType": "image"
        },
        {
          "url": "assets/images/cab/car/15.jpg",
          "fileType": "image"
        }
      ],
      "carType": "car_list_page.car_type.medium",
      "status": "car_list_page.status.available",
      "isAddWishlist": false,
      "unlimittedMileage": true,
      "price": 1500,
      "fare": 20,
      "per_km": 12,
      "passenger": 14,
      "luggage": 2,
      "gearbox": "car_list_page.car_option.manual",
      "carOption": "manual",
      "rating": 2,
      "review": 22,
      "category": "latest",
      "tags": [
        "company",
        "suzuki",
        "medium",
        "two",
        "10_more",
        "manual"
      ]
    },
    {
      "id": 1,
      "carName": "Peugeot Citroen",
      "carBrand": "Peugeot",
      "carImage": "assets/images/cab/car/5.png",
      "brandLogo": "assets/images/cab/logo/peugeot-logo.png",
      "owner_type": "company",
      "carImages": [
        {
          "url": "assets/images/cab/car/12.jpg",
          "fileType": "image"
        },
        {
          "url": "assets/images/cab/car/13.jpg",
          "fileType": "image"
        }
      ],
      "carType": "car_list_page.car_type.sadan",
      "status": "car_list_page.status.booked",
      "isAddWishlist": false,
      "unlimittedMileage": true,
      "price": 1200,
      "fare": 25,
      "per_km": 10,
      "passenger": 5,
      "luggage": 2,
      "gearbox": "car_list_page.car_option.automatic",
      "carOption": "automatic",
      "rating": 4,
      "review": 24,
      "category": "popular",
      "tags": [
        "company",
        "peugeot",
        "sadan",
        "four",
        "1_5",
        "automatic"
      ]
    },
    {
      "id": 2,
      "carName": "Suzuki",
      "carBrand": "Suzuki",
      "carImage": "assets/images/cab/car/6.png",
      "brandLogo": "assets/images/cab/logo/suzuki-logo.png",
      "owner_type": "company",
      "carImages": [
        {
          "url": "assets/images/cab/car/14.jpg",
          "fileType": "image"
        },
        {
          "url": "assets/images/cab/car/15.jpg",
          "fileType": "image"
        }
      ],
      "carType": "car_list_page.car_type.medium",
      "status": "car_list_page.status.available",
      "isAddWishlist": false,
      "unlimittedMileage": true,
      "price": 1500,
      "fare": 20,
      "per_km": 12,
      "passenger": 4,
      "luggage": 2,
      "gearbox": "car_list_page.car_option.manual",
      "carOption": "manual",
      "rating": 2,
      "review": 22,
      "category": "latest",
      "tags": [
        "company",
        "suzuki",
        "medium",
        "two",
        "1_5",
        "manual"
      ]
    },
    {
      "id": 3,
      "carName": "Fiat Chrysler",
      "carBrand": "Fiat",
      "carImage": "assets/images/cab/car/7.png",
      "brandLogo": "assets/images/cab/logo/Fiat-logo.png",
      "owner_type": "company",
      "carImages": [
        {
          "url": "assets/images/cab/car/16.jpg",
          "fileType": "image"
        },
        {
          "url": "assets/images/cab/car/17.jpg",
          "fileType": "image"
        }
      ],
      "carType": "car_list_page.car_type.mini",
      "status": "car_list_page.status.available",
      "isAddWishlist": false,
      "unlimittedMileage": true,
      "price": 1300,
      "fare": 22,
      "per_km": 11,
      "passenger": 2,
      "luggage": 1,
      "gearbox": "car_list_page.car_option.automatic",
      "carOption": "air conditioning",
      "rating": 4,
      "review": 24,
      "category": "popular",
      "tags": [
        "company",
        "fiat",
        "mini",
        "four",
        "1_5",
        "air_conditioning"
      ]
    },
    {
      "id": 4,
      "carName": "Honda",
      "carBrand": "Honda",
      "carImage": "assets/images/cab/car/8.png",
      "brandLogo": "assets/images/cab/logo/honda-logo.png",
      "owner_type": "company",
      "carImages": [
        {
          "url": "assets/images/cab/car/17.jpg",
          "fileType": "image"
        },
        {
          "url": "assets/images/cab/car/19.jpg",
          "fileType": "image"
        }
      ],
      "carType": "car_list_page.car_type.standard",
      "status": "car_list_page.status.available",
      "isAddWishlist": false,
      "unlimittedMileage": true,
      "price": 1600,
      "fare": 27,
      "per_km": 15,
      "passenger": 6,
      "luggage": 3,
      "gearbox": "car_list_page.car_option.automatic",
      "carOption": "automatic",
      "rating": 5,
      "review": 25,
      "category": "latest",
      "tags": [
        "company",
        "honda",
        "standard",
        "five",
        "6_10",
        "automatic"
      ]
    },
    {
      "id": 5,
      "carName": "Ford",
      "carBrand": "Ford",
      "carImage": "assets/images/cab/car/9.png",
      "brandLogo": "assets/images/cab/logo/Ford-logo.png",
      "owner_type": "company",
      "carImages": [
        {
          "url": "assets/images/cab/car/20.jpg",
          "fileType": "image"
        },
        {
          "url": "assets/images/cab/car/13.jpg",
          "fileType": "image"
        }
      ],
      "carType": "car_list_page.car_type.tempo",
      "status": "car_list_page.status.available",
      "isAddWishlist": false,
      "unlimittedMileage": true,
      "price": 2000,
      "fare": 30,
      "per_km": 20,
      "passenger": 6,
      "luggage": 3,
      "gearbox": "car_list_page.car_option.manual",
      "carOption": "manual",
      "rating": 5,
      "review": 25,
      "category": "popular",
      "tags": [
        "company",
        "ford",
        "tempo",
        "five",
        "6_10",
        "manual"
      ]
    },
    {
      "id": 6,
      "carName": "Hyundai-Kia",
      "carBrand": "Hyundai",
      "carImage": "assets/images/cab/car/10.png",
      "brandLogo": "assets/images/cab/logo/Hyundai-Logo.jpg",
      "owner_type": "company",
      "carImages": [
        {
          "url": "assets/images/cab/car/14.jpg",
          "fileType": "image"
        },
        {
          "url": "assets/images/cab/car/15.jpg",
          "fileType": "image"
        }
      ],
      "carType": "car_list_page.car_type.SUV",
      "status": "car_list_page.status.available",
      "isAddWishlist": false,
      "unlimittedMileage": true,
      "price": 1200,
      "fare": 25,
      "per_km": 10,
      "passenger": 12,
      "luggage": 2,
      "gearbox": "car_list_page.car_option.automatic",
      "carOption": "automatic",
      "rating": 4,
      "review": 24,
      "category": "trend",
      "tags": [
        "company",
        "hyundai",
        "suv",
        "four",
        "10_more",
        "automatic"
      ]
    },
    {
      "id": 7,
      "carName": "General Motors",
      "carBrand": "General",
      "carImage": "assets/images/cab/car/11.png",
      "brandLogo": "assets/images/cab/logo/General_Motors-logo.png",
      "owner_type": "company",
      "carImages": [
        {
          "url": "assets/images/cab/car/16.jpg",
          "fileType": "image"
        },
        {
          "url": "assets/images/cab/car/17.jpg",
          "fileType": "image"
        }
      ],
      "carType": "car_list_page.car_type.luxury",
      "status": "car_list_page.status.available",
      "isAddWishlist": false,
      "unlimittedMileage": true,
      "price": 1300,
      "fare": 22,
      "per_km": 11,
      "passenger": 2,
      "luggage": 1,
      "gearbox": "car_list_page.car_option.automatic",
      "carOption": "air conditioning",
      "rating": 3,
      "review": 23,
      "category": "trend",
      "tags": [
        "company",
        "general",
        "luxury",
        "three",
        "1_5",
        "air_conditioning"
      ]
    },
    {
      "id": 8,
      "carName": "Suzuki",
      "carBrand": "Suzuki",
      "carImage": "assets/images/cab/car/6.png",
      "brandLogo": "assets/images/cab/logo/suzuki-logo.png",
      "owner_type": "company",
      "carImages": [
        {
          "url": "assets/images/cab/car/14.jpg",
          "fileType": "image"
        },
        {
          "url": "assets/images/cab/car/15.jpg",
          "fileType": "image"
        }
      ],
      "carType": "car_list_page.car_type.medium",
      "status": "car_list_page.status.available",
      "isAddWishlist": false,
      "unlimittedMileage": true,
      "price": 1500,
      "fare": 20,
      "per_km": 12,
      "passenger": 14,
      "luggage": 2,
      "gearbox": "car_list_page.car_option.manual",
      "carOption": "manual",
      "rating": 2,
      "review": 22,
      "category": "latest",
      "tags": [
        "company",
        "suzuki",
        "medium",
        "two",
        "10_more",
        "manual"
      ]
    },
    {
      "id": 1,
      "carName": "Peugeot Citroen",
      "carBrand": "Peugeot",
      "carImage": "assets/images/cab/car/5.png",
      "brandLogo": "assets/images/cab/logo/peugeot-logo.png",
      "owner_type": "company",
      "carImages": [
        {
          "url": "assets/images/cab/car/12.jpg",
          "fileType": "image"
        },
        {
          "url": "assets/images/cab/car/13.jpg",
          "fileType": "image"
        }
      ],
      "carType": "car_list_page.car_type.sadan",
      "status": "car_list_page.status.available",
      "isAddWishlist": false,
      "unlimittedMileage": true,
      "price": 1200,
      "fare": 25,
      "per_km": 10,
      "passenger": 5,
      "luggage": 2,
      "gearbox": "car_list_page.car_option.automatic",
      "carOption": "automatic",
      "rating": 4,
      "review": 24,
      "category": "popular",
      "tags": [
        "company",
        "peugeot",
        "sadan",
        "four",
        "1_5",
        "automatic"
      ]
    },
    {
      "id": 2,
      "carName": "Suzuki",
      "carBrand": "Suzuki",
      "carImage": "assets/images/cab/car/6.png",
      "brandLogo": "assets/images/cab/logo/suzuki-logo.png",
      "owner_type": "company",
      "carImages": [
        {
          "url": "assets/images/cab/car/14.jpg",
          "fileType": "image"
        },
        {
          "url": "assets/images/cab/car/15.jpg",
          "fileType": "image"
        }
      ],
      "carType": "car_list_page.car_type.medium",
      "status": "car_list_page.status.available",
      "isAddWishlist": false,
      "unlimittedMileage": true,
      "price": 1500,
      "fare": 20,
      "per_km": 12,
      "passenger": 4,
      "luggage": 2,
      "gearbox": "car_list_page.car_option.manual",
      "carOption": "manual",
      "rating": 2,
      "review": 22,
      "category": "latest",
      "tags": [
        "company",
        "suzuki",
        "medium",
        "two",
        "1_5",
        "manual"
      ]
    },
    {
      "id": 3,
      "carName": "Fiat Chrysler",
      "carBrand": "Fiat",
      "carImage": "assets/images/cab/car/7.png",
      "brandLogo": "assets/images/cab/logo/Fiat-logo.png",
      "owner_type": "company",
      "carImages": [
        {
          "url": "assets/images/cab/car/16.jpg",
          "fileType": "image"
        },
        {
          "url": "assets/images/cab/car/17.jpg",
          "fileType": "image"
        }
      ],
      "carType": "car_list_page.car_type.mini",
      "status": "car_list_page.status.available",
      "isAddWishlist": false,
      "unlimittedMileage": true,
      "price": 1300,
      "fare": 22,
      "per_km": 11,
      "passenger": 2,
      "luggage": 1,
      "gearbox": "car_list_page.car_option.automatic",
      "carOption": "air conditioning",
      "rating": 4,
      "review": 24,
      "category": "popular",
      "tags": [
        "company",
        "fiat",
        "mini",
        "four",
        "1_5",
        "air_conditioning"
      ]
    },
    {
      "id": 4,
      "carName": "Honda",
      "carBrand": "Honda",
      "carImage": "assets/images/cab/car/8.png",
      "brandLogo": "assets/images/cab/logo/honda-logo.png",
      "owner_type": "company",
      "carImages": [
        {
          "url": "assets/images/cab/car/17.jpg",
          "fileType": "image"
        },
        {
          "url": "assets/images/cab/car/19.jpg",
          "fileType": "image"
        }
      ],
      "carType": "car_list_page.car_type.standard",
      "status": "car_list_page.status.booked",
      "isAddWishlist": false,
      "unlimittedMileage": true,
      "price": 1600,
      "fare": 27,
      "per_km": 15,
      "passenger": 6,
      "luggage": 3,
      "gearbox": "car_list_page.car_option.automatic",
      "carOption": "automatic",
      "rating": 5,
      "review": 25,
      "category": "latest",
      "tags": [
        "company",
        "honda",
        "standard",
        "five",
        "6_10",
        "automatic"
      ]
    },
    {
      "id": 5,
      "carName": "Ford",
      "carBrand": "Ford",
      "carImage": "assets/images/cab/car/9.png",
      "brandLogo": "assets/images/cab/logo/Ford-logo.png",
      "owner_type": "company",
      "carImages": [
        {
          "url": "assets/images/cab/car/20.jpg",
          "fileType": "image"
        },
        {
          "url": "assets/images/cab/car/13.jpg",
          "fileType": "image"
        }
      ],
      "carType": "car_list_page.car_type.tempo",
      "status": "car_list_page.status.available",
      "isAddWishlist": false,
      "unlimittedMileage": true,
      "price": 2000,
      "fare": 30,
      "per_km": 20,
      "passenger": 6,
      "luggage": 3,
      "gearbox": "car_list_page.car_option.manual",
      "carOption": "manual",
      "rating": 5,
      "review": 25,
      "category": "popular",
      "tags": [
        "company",
        "ford",
        "tempo",
        "five",
        "6_10",
        "manual"
      ]
    },
    {
      "id": 6,
      "carName": "Hyundai-Kia",
      "carBrand": "Hyundai",
      "carImage": "assets/images/cab/car/10.png",
      "brandLogo": "assets/images/cab/logo/Hyundai-Logo.jpg",
      "owner_type": "company",
      "carImages": [
        {
          "url": "assets/images/cab/car/14.jpg",
          "fileType": "image"
        },
        {
          "url": "assets/images/cab/car/15.jpg",
          "fileType": "image"
        }
      ],
      "carType": "car_list_page.car_type.SUV",
      "status": "car_list_page.status.available",
      "isAddWishlist": false,
      "unlimittedMileage": true,
      "price": 1200,
      "fare": 25,
      "per_km": 10,
      "passenger": 12,
      "luggage": 2,
      "gearbox": "car_list_page.car_option.automatic",
      "carOption": "automatic",
      "rating": 4,
      "review": 24,
      "category": "trend",
      "tags": [
        "company",
        "hyundai",
        "suv",
        "four",
        "10_more",
        "automatic"
      ]
    },
    {
      "id": 7,
      "carName": "General Motors",
      "carBrand": "General",
      "carImage": "assets/images/cab/car/11.png",
      "brandLogo": "assets/images/cab/logo/General_Motors-logo.png",
      "owner_type": "company",
      "carImages": [
        {
          "url": "assets/images/cab/car/16.jpg",
          "fileType": "image"
        },
        {
          "url": "assets/images/cab/car/17.jpg",
          "fileType": "image"
        }
      ],
      "carType": "car_list_page.car_type.luxury",
      "status": "car_list_page.status.available",
      "isAddWishlist": false,
      "unlimittedMileage": true,
      "price": 1300,
      "fare": 22,
      "per_km": 11,
      "passenger": 2,
      "luggage": 1,
      "gearbox": "car_list_page.car_option.automatic",
      "carOption": "air conditioning",
      "rating": 3,
      "review": 23,
      "category": "trend",
      "tags": [
        "company",
        "general",
        "luxury",
        "three",
        "1_5",
        "air_conditioning"
      ]
    },
    {
      "id": 8,
      "carName": "Suzuki",
      "carBrand": "Suzuki",
      "carImage": "assets/images/cab/car/6.png",
      "brandLogo": "assets/images/cab/logo/suzuki-logo.png",
      "owner_type": "company",
      "carImages": [
        {
          "url": "assets/images/cab/car/14.jpg",
          "fileType": "image"
        },
        {
          "url": "assets/images/cab/car/15.jpg",
          "fileType": "image"
        }
      ],
      "carType": "car_list_page.car_type.medium",
      "status": "car_list_page.status.available",
      "isAddWishlist": false,
      "unlimittedMileage": true,
      "price": 1500,
      "fare": 20,
      "per_km": 12,
      "passenger": 14,
      "luggage": 2,
      "gearbox": "car_list_page.car_option.manual",
      "carOption": "manual",
      "rating": 2,
      "review": 22,
      "category": "latest",
      "tags": [
        "company",
        "suzuki",
        "medium",
        "two",
        "10_more",
        "manual"
      ]
    }
  ],
  "cabBooking": [
    {
      "id": 2,
      "title": "credit card",
      "value": "credit",
      "panel": "First",
      "checkId": "r_two",
      "checked": true
    },
    {
      "id": 3,
      "title": "ACH",
      "value": "net_banking",
      "panel": "Second",
      "checkId": "r_three",
      "checked": false
    },
    {
      "id": 4,
      "title": "my wallet",
      "value": "wallet",
      "panel": "Third",
      "checkId": "r_four",
      "checked": false
    },
    {
      "id": 5,
      "title": "crypto",
      "value": "crypto",
      "panel": "Four",
      "checkId": "r_five",
      "checked": false
    }
  ]
}