{
  "data": [
    {
      "bookingId": "#1001",
      "carName": "Ferrari 458 MM Speciale",
      "deliveryStatus": "Delivery",
      "rentalType": "Hourly",
      "pickupDeliveryLocation1": "45, Avenue ,Mark Street,",
      "pickupDeliveryLocation2": "USA 15 Sep 2023, 09:30 AM",
      "dropoffLocation1": "21, Avenue, Windham,",
      "dropoffLocation2": "USA 15 Sep 2023, 11:30 AM",
      "bookedOn": "15 Sep 2023",
      "pickup_date_time": "15 Sep 2023, 09:00 AM",
      "end_date_time": "15 Sep 2023, 09:00 AM",
      "number_of_days": "3 days",
      "price_per_day": 30,
      "total_amount": 90,
      "status": "Upcoming",
      "img": "assets/images/cab/car/24.jpg",
      "ownerDetails": {
        "owner_name": "Michael Johnson",
        "owner_img": "assets/images/driver/d1.png",
        "user_type": "Car Owner"
      }
    },
    {
      "bookingId": "#1002",
      "carName": "Toyota Camry SE 350",
      "deliveryStatus": "Self Pickup",
      "rentalType": "Day",
      "pickupDeliveryLocation1": "1646 West St, Grand Rapids",
      "pickupDeliveryLocation2": "18 Sep 2023, 09:00 AM",
      "dropoffLocation1": "26 Platinum Drive,Canonsburg",
      "dropoffLocation2": "15 Sep 2023, 11:30 AM",
      "bookedOn": "18 Sep 2023",
      "pickup_date_time": "18 Sep 2023, 08:10 PM",
      "end_date_time": "18 Sep 2023, 08:10 PM",
      "number_of_days": "5 days",
      "price_per_day": 100,
      "total_amount": 500,
      "status": "Inprogress",
      "img": "assets/images/cab/car/21.jpg",
      "ownerDetails": {
        "owner_name": "Emily Carter",
        "owner_img": "assets/images/driver/d2.png",
        "user_type": "Fleet Company"
      }
    },
    {
      "bookingId": "#1003",
      "carName": "Kia Soul 2016",
      "deliveryStatus": "Delivery",
      "rentalType": "Weekly",
      "pickupDeliveryLocation1": "14 Straford Park, Pittsburg",
      "pickupDeliveryLocation2": "03 Oct 2023, 10:15 AM",
      "dropoffLocation1": "11 Pleasant Hill,Pittsburg",
      "dropoffLocation2": "10 Oct 2023, 10:15 AM",
      "bookedOn": "21 Sep 2023",
      "pickup_date_time": "21 Sep 2023, 04:15 PM",
      "end_date_time": "21 Sep 2023, 04:15 PM",
      "number_of_days": "6 days",
      "price_per_day": 20,
      "total_amount": 120,
      "status": "Completed",
      "img": "assets/images/cab/car/25.jpg",
      "ownerDetails": {
        "owner_name": "Sarah Thompson",
        "owner_img": "assets/images/driver/d4.png",
        "user_type": "Fleet Company"
      }
    },
    {
      "bookingId": "#1004",
      "carName": "Audi A3 2019 new",
      "deliveryStatus": "Self Pickup",
      "rentalType": "Monthly",
      "pickupDeliveryLocation1": "63 White Pine Lane, Martinsville",
      "pickupDeliveryLocation2": "05 Nov 2023, 02:30 PM",
      "dropoffLocation1": "14 Roane Avenue, Herndon",
      "dropoffLocation2": "05 Dec 2023, 02:30 PM",
      "bookedOn": "04 Oct 2023",
      "pickup_date_time": "04 Oct 2023, 08:00 AM",
      "end_date_time": "04 Oct 2023, 08:00 AM",
      "number_of_days": "1 days",
      "price_per_day": 150,
      "total_amount": 150,
      "status": "Upcoming",
      "img": "assets/images/cab/car/23.jpg",
      "ownerDetails": {
        "owner_name": "James Anderson",
        "owner_img": "assets/images/driver/d3.png",
        "user_type": "Driver Owned Car"
      }
    },
    {
      "bookingId": "#1005",
      "carName": "2018 Chevrolet Camaro",
      "deliveryStatus": "Delivery",
      "rentalType": "Day",
      "pickupDeliveryLocation1": "24 Better Street, Kansas City",
      "pickupDeliveryLocation2": "16 Nov 2023, 10:20 AM",
      "dropoffLocation1": "77 Geraldine Lane, Newyork",
      "dropoffLocation2": "17 Nov 2023, 10:20 AM",
      "bookedOn": "16 Oct 2023",
      "pickup_date_time": "16 Oct 2023, 12:30 PM",
      "end_date_time": "16 Oct 2023, 12:30 PM",
      "number_of_days": "4 days",
      "price_per_day": 45,
      "total_amount": 180,
      "status": "Upcoming",
      "img": "assets/images/cab/car/25.jpg",
      "ownerDetails": {
        "owner_name": "Olivia Martinez",
        "owner_img": "assets/images/driver/d1.png",
        "user_type": "Fleet Company"
      }
    },
    {
      "bookingId": "#1006",
      "carName": "Acura Sport Version",
      "deliveryStatus": "Self pickup",
      "rentalType": "Hourly",
      "pickupDeliveryLocation1": "78 Cityview Drive, Glenolden",
      "pickupDeliveryLocation2": "24 Nov 2023, 06:40 AM",
      "dropoffLocation1": "66 Ottis Street, Shawnee",
      "dropoffLocation2": "24 Nov 2023, 08:40 AM",
      "bookedOn": "24 Oct 2023",
      "pickup_date_time": "24 Oct 2023, 05:40 PM",
      "end_date_time": "24 Oct 2023, 05:40 PM",
      "number_of_days": "2 days",
      "price_per_day": 25,
      "total_amount": 50,
      "status": "Completed",
      "img": "assets/images/cab/car/21.jpg",
      "ownerDetails": {
        "owner_name": "David Wilson",
        "owner_img": "assets/images/driver/d5.png",
        "user_type": "Car Owner"
      }
    },
    {
      "bookingId": "#1007",
      "carName": "Toyota Tacoma 4WD",
      "deliveryStatus": "Delivery",
      "rentalType": "Monthly",
      "pickupDeliveryLocation1": "41 Duke Lane, Branchburg",
      "pickupDeliveryLocation2": "15 Dec 2023, 04:30 PM",
      "dropoffLocation1": "80 Glory Road, Nashville",
      "dropoffLocation2": "15 Jan 2024, 04:30 PM",
      "bookedOn": "02 Nov 2023",
      "pickup_date_time": "02 Nov 2023, 07:30 AM",
      "end_date_time": "02 Nov 2023, 07:30 AM",
      "number_of_days": "1 days",
      "price_per_day": 60,
      "total_amount": 60,
      "status": "Completed",
      "img": "assets/images/cab/car/22.jpg",
      "ownerDetails": {
        "owner_name": "James Anderson",
        "owner_img": "assets/images/driver/d3.png",
        "user_type": "Driver Owned Car"
      }
    },
    {
      "bookingId": "#1008",
      "carName": "Ferrari 458 MM Speciale",
      "img": "assets/images/cab/car/21.jpg",
      "deliveryStatus": "Delivery",
      "rentalType": "Hourly",
      "pickupDeliveryLocation1": "45, Avenue ,Mark Street,",
      "pickupDeliveryLocation2": "USA 15 Sep 2023, 09:30AM",
      "dropoffLocation1": "21, Avenue, Windham,",
      "dropoffLocation2": "USA 15 Sep 2023, 11:30AM",
      "bookedOn": "15 Sep 2023, 09:00 AM",
      "pickup_date_time": "15 Sep 2023, 09:00 AM",
      "end_date_time": "15 Sep 2023, 09:00 AM",
      "number_of_days": "6 days",
      "price_per_day": 20,
      "total_amount": 120,
      "cancelledBy": "User",
      "status": "Inprogress",
      "ownerDetails": {
        "owner_name": "Michael Johnson",
        "owner_img": "assets/images/driver/d1.png",
        "user_type": "Fleet Company"
      }
    },
    {
      "bookingId": "#1009",
      "carName": "Acura Sport Version",
      "img": "assets/images/cab/car/24.jpg",
      "deliveryStatus": "Sel pickup",
      "rentalType": "Hourly",
      "pickupDeliveryLocation1": "78 Cityview Drive,",
      "pickupDeliveryLocation2": "Glenolden 24 Nov 2023, 06:40AM",
      "dropoffLocation1": "66 Ottis Street,",
      "dropoffLocation2": "Shawnee 24 Nov 2023, 08:40AM",
      "bookedOn": "24 Oct 2023, 05:40 PM",
      "pickup_date_time": "18 Sep 2023, 08:10 PM",
      "end_date_time": "18 Sep 2023, 08:10 PM",
      "number_of_days": "1 days",
      "price_per_day": 150,
      "total_amount": 150,
      "cancelledBy": "Admin",
      "status": "Completed",
      "ownerDetails": {
        "owner_name": "Emily Carter",
        "owner_img": "assets/images/driver/d2.png",
        "user_type": "Fleet Company"
      }
    },
    {
      "bookingId": "#1010",
      "carName": "Toyota Tacoma 4WD",
      "img": "assets/images/cab/car/25.jpg",
      "deliveryStatus": "Delivery",
      "rentalType": "Monthly",
      "pickupDeliveryLocation1": "41 Duke Lane,",
      "pickupDeliveryLocation2": "Branchburg 15 Dec 2023, 04:30PM",
      "dropoffLocation1": "80 Glory Road,",
      "dropoffLocation2": "Nashville 15 Jan 2024, 04:30PM",
      "bookedOn": "02 Nov 2023, 07:30 AM",
      "pickup_date_time": "15 Sep 2023, 09:00 AM",
      "end_date_time": "15 Sep 2023, 09:00 AM",
      "number_of_days": "4 days",
      "price_per_day": 45,
      "total_amount": 180,
      "cancelledBy": "User",
      "status": "Inprogress",
      "ownerDetails": {
        "owner_name": "Sarah Thompson",
        "owner_img": "assets/images/driver/d4.png",
        "user_type": "Driver Owned Car"
      }
    }
  ],
  "totalData": 10
}