{
  "cabGallery": [
    {
      "id": 1,
      "image": "assets/images/cab/car/25.jpg",
      "type": "main"
    },
    {
      "id": 2,
      "image": "assets/images/cab/car/22.jpg",
      "type": "main"
    },
    {
      "id": 3,
      "image": "assets/images/cab/car/24.jpg",
      "type": "main"
    },
    {
      "id": 4,
      "image": "assets/images/cab/car/22.jpg",
      "type": "interior"
    },
    {
      "id": 5,
      "image": "assets/images/cab/car/21.jpg",
      "type": "interior"
    },
    {
      "id": 6,
      "image": "assets/images/cab/car/23.jpg",
      "type": "exterior"
    },
    {
      "id": 7,
      "image": "assets/images/cab/car/24.jpg",
      "type": "exterior"
    }
  ],
  "cabDetails": [
    {
      "title": "include in this price:",
      "details": [
        {
          "data": "cancellation"
        },
         {
          "data": "theft protection"
        },
         {
          "data": "local taxes"
        },
         {
          "data": "Prices are inclusive of all the taxes"
        },
         {
          "data": "fuel charges"
        },
         {
          "data": "driver allowance"
        }
      ]
    },
    {
      "title": "exclude in this price:",
      "details": [
        {
          "data": "late return charges"
        },
         {
          "data": "Night Allowance"
        },
         {
          "data": "Parking"
        },
         {
          "data": "toll / state tax"
        }
      ]
    }
  ]
}
