{
  "data": [
    {
      "bookingId": "#1008",
      "carName": "Ferrari 458 MM Speciale",
      "img": "assets/images/cab/car/21.jpg",
      "deliveryStatus": "Delivery",
      "rentalType": "Hourly",
      "pickupDeliveryLocation1": "45, Avenue ,Mark Street,",
      "pickupDeliveryLocation2": "USA 15 Sep 2023, 09:30AM",
      "dropoffLocation1": "21, Avenue, Windham,",
      "dropoffLocation2": "USA 15 Sep 2023, 11:30AM",
      "bookedOn": "15 Sep 2023, 09:00 AM",
      "pickup_date_time": "15 Sep 2023, 09:00 AM",
      "end_date_time": "15 Sep 2023, 09:00 AM",
      "number_of_days": "6 days",
      "price_per_day": 20,
      "total_amount": 120,
      "cancelledBy": "User",
      "reason": "Not able to Pickup",
      "status": "Refund Started"
    },
    {
      "bookingId": "#1009",
      "carName": "Acura Sport Version",
      "img": "assets/images/cab/car/24.jpg",
      "deliveryStatus": "Sel pickup",
      "rentalType": "Hourly",
      "pickupDeliveryLocation1": "78 Cityview Drive,",
      "pickupDeliveryLocation2": "Glenolden 24 Nov 2023, 06:40AM",
      "dropoffLocation1": "66 Ottis Street,",
      "dropoffLocation2": "Shawnee 24 Nov 2023, 08:40AM",
      "bookedOn": "24 Oct 2023, 05:40 PM",
      "pickup_date_time": "18 Sep 2023, 08:10 PM",
      "end_date_time": "18 Sep 2023, 08:10 PM",
      "number_of_days": "1 days",
      "price_per_day": 150,
      "total_amount": 150,
      "cancelledBy": "Admin",
      "reason": "Lorem ipsum dolor sit amet, consectetur adipisicing elit. Adipisci alias aperiam at, aut commodi corporis dolorum ducimus labore magnam mollitia natus porro possimus quae sit tenetur veniam veritatis voluptate voluptatem!",
      "status": "Cancelled"
    },
    {
      "bookingId": "#1010",
      "carName": "Toyota Tacoma 4WD",
      "img": "assets/images/cab/car/25.jpg",
      "deliveryStatus": "Delivery",
      "rentalType": "Monthly",
      "pickupDeliveryLocation1": "41 Duke Lane,",
      "pickupDeliveryLocation2": "Branchburg 15 Dec 2023, 04:30PM",
      "dropoffLocation1": "80 Glory Road,",
      "dropoffLocation2": "Nashville 15 Jan 2024, 04:30PM",
      "bookedOn": "02 Nov 2023, 07:30 AM",
      "pickup_date_time": "15 Sep 2023, 09:00 AM",
      "end_date_time": "15 Sep 2023, 09:00 AM",
      "number_of_days": "4 days",
      "price_per_day": 45,
      "total_amount": 180,
      "cancelledBy": "User",
      "reason": "Find alternative car",
      "status": "Refund Completed"
    }
  ],
  "totalData": 3
}
