{
  "data": [
    {
      "paymentID": "#payment_1001",
      "bookingID": "#1001",
      "carName": "Ferrari 458 MM Speciale",
      "paymentDate": "2024-10-15T05:46:50.029Z",
      "mode": "Credit Card",
      "total": "$300",
      "feature": "Delivery",
      "img": "assets/images/cab/car/24.jpg",
      "driver_name": "Michael Johnson",
      "driver_img": "assets/images/driver/d1.png",
      "status": "Completed",
      "bookedOn": "16 Oct 2023",
      "pickup_date_time": "16 Oct 2023, 12:30 PM",
      "end_date_time": "16 Oct 2023, 12:30 PM",
      "number_of_days": "4 days",
      "price_per_day": 45,
      "total_amount": 18300,
      "billed_to": {
        "name": "Jone Doe",
        "contact_number": "9087484288",
        "address1": "Block A, Shivalik Colony",
        "address2": "Malviya Nagar, New Delhi",
        "postal_code": "110017",
        "city": "New Delhi",
        "country": "India"
      },
      "invoice_from": {
        "name": "Smith Doe",
        "contact_number": "8787366452",
        "address1": "Block A, Shivalik Colony",
        "address2": "Malviya Nagar, New Delhi",
        "postal_code": "110017",
        "city": "New Delhi",
        "country": "India"
      }
    },
    {
      "paymentID": "#payment_1002",
      "bookingID": "#1002",
      "carName": "Toyota Camry SE 350",
      "paymentDate": "2024-10-23T05:46:50.029Z",
      "mode": "Credit Card",
      "total": "$500",
      "feature": "Self Pickup",
      "img": "assets/images/cab/car/21.jpg",
      "driver_name": "Emily Carter",
      "driver_img": "assets/images/driver/d2.png",
      "status": "Completed",
      "bookedOn": "16 Oct 2023",
      "pickup_date_time": "16 Oct 2023, 12:30 PM",
      "end_date_time": "16 Oct 2023, 12:30 PM",
      "number_of_days": "4 days",
      "price_per_day": 45,
      "total_amount": 1500,
      "billed_to": {
        "name": "Jone Doe",
        "contact_number": "9087484288",
        "address1": "Block A, Shivalik Colony",
        "address2": "Malviya Nagar, New Delhi",
        "postal_code": "110017",
        "city": "New Delhi",
        "country": "India"
      },
      "invoice_from": {
        "name": "Smith Doe",
        "contact_number": "8787366452",
        "address1": "Block A, Shivalik Colony",
        "address2": "Malviya Nagar, New Delhi",
        "postal_code": "110017",
        "city": "New Delhi",
        "country": "India"
      }
    },
    {
      "paymentID": "#payment_1003",
      "bookingID": "#1003",
      "carName": "Kia Soul 2016",
      "paymentDate": "2024-10-02T05:46:50.029Z",
      "mode": "Credit Card",
      "total": "$600",
      "feature": "Delivery",
      "img": "assets/images/cab/car/25.jpg",
      "driver_name": "Sarah Thompson",
      "driver_img": "assets/images/driver/d4.png",
      "status": "Completed",
      "bookedOn": "16 Oct 2023",
      "pickup_date_time": "16 Oct 2023, 12:30 PM",
      "end_date_time": "16 Oct 2023, 12:30 PM",
      "number_of_days": "4 days",
      "price_per_day": 45,
      "total_amount": 600,
      "billed_to": {
        "name": "Jone Doe",
        "contact_number": "9087484288",
        "address1": "Block A, Shivalik Colony",
        "address2": "Malviya Nagar, New Delhi",
        "postal_code": "110017",
        "city": "New Delhi",
        "country": "India"
      },
      "invoice_from": {
        "name": "Smith Doe",
        "contact_number": "8787366452",
        "address1": "Block A, Shivalik Colony",
        "address2": "Malviya Nagar, New Delhi",
        "postal_code": "110017",
        "city": "New Delhi",
        "country": "India"
      }
    },
    {
      "paymentID": "#payment_1004",
      "bookingID": "#1004",
      "carName": "Audi A3 2019 new",
      "paymentDate": "2024-10-18T05:46:50.029Z",
      "mode": "Credit Card",
      "total": "$1500",
      "feature": "Self Pickup",
      "img": "assets/images/cab/car/23.jpg",
      "driver_name": "James Anderson",
      "driver_img": "assets/images/driver/d3.png",
      "status": "Pending",
      "bookedOn": "16 Oct 2023",
      "pickup_date_time": "16 Oct 2023, 12:30 PM",
      "end_date_time": "16 Oct 2023, 12:30 PM",
      "number_of_days": "4 days",
      "price_per_day": 45,
      "total_amount": 1500,
      "billed_to": {
        "name": "Jone Doe",
        "contact_number": "9087484288",
        "address1": "Block A, Shivalik Colony",
        "address2": "Malviya Nagar, New Delhi",
        "postal_code": "110017",
        "city": "New Delhi",
        "country": "India"
      },
      "invoice_from": {
        "name": "Smith Doe",
        "contact_number": "8787366452",
        "address1": "Block A, Shivalik Colony",
        "address2": "Malviya Nagar, New Delhi",
        "postal_code": "110017",
        "city": "New Delhi",
        "country": "India"
      }
    },
    {
      "paymentID": "#payment_1005",
      "bookingID": "#1005",
      "carName": "2018 Chevrolet Camaron",
      "paymentDate": "2024-10-05T05:46:50.029Z",
      "mode": "Credit Card",
      "total": "$450",
      "feature": "Delivery",
      "img": "assets/images/cab/car/25.jpg",
      "driver_name": "Olivia Martinez",
      "driver_img": "assets/images/driver/d1.png",
      "status": "Failed",
      "bookedOn": "16 Oct 2023",
      "pickup_date_time": "16 Oct 2023, 12:30 PM",
      "end_date_time": "16 Oct 2023, 12:30 PM",
      "number_of_days": "4 days",
      "price_per_day": 45,
      "total_amount": 450,
      "billed_to": {
        "name": "Jone Doe",
        "contact_number": "9087484288",
        "address1": "Block A, Shivalik Colony",
        "address2": "Malviya Nagar, New Delhi",
        "postal_code": "110017",
        "city": "New Delhi",
        "country": "India"
      },
      "invoice_from": {
        "name": "Smith Doe",
        "contact_number": "8787366452",
        "address1": "Block A, Shivalik Colony",
        "address2": "Malviya Nagar, New Delhi",
        "postal_code": "110017",
        "city": "New Delhi",
        "country": "India"
      }
    },
    {
      "paymentID": "#payment_1006",
      "bookingID": "#1006",
      "carName": "Acura Sport Version",
      "paymentDate": "2024-10-20T05:46:50.029Z",
      "mode": "Credit Card",
      "total": "$250",
      "feature": "Self Pickup",
      "img": "assets/images/cab/car/21.jpg",
      "driver_name": "David Wilson",
      "driver_img": "assets/images/driver/d5.png",
      "status": "Completed",
      "bookedOn": "16 Oct 2023",
      "pickup_date_time": "16 Oct 2023, 12:30 PM",
      "end_date_time": "16 Oct 2023, 12:30 PM",
      "number_of_days": "4 days",
      "price_per_day": 45,
      "total_amount": 250,
      "billed_to": {
        "name": "Jone Doe",
        "contact_number": "9087484288",
        "address1": "Block A, Shivalik Colony",
        "address2": "Malviya Nagar, New Delhi",
        "postal_code": "110017",
        "city": "New Delhi",
        "country": "India"
      },
      "invoice_from": {
        "name": "Smith Doe",
        "contact_number": "8787366452",
        "address1": "Block A, Shivalik Colony",
        "address2": "Malviya Nagar, New Delhi",
        "postal_code": "110017",
        "city": "New Delhi",
        "country": "India"
      }
    },
    {
      "paymentID": "#payment_1007",
      "bookingID": "#1007",
      "carName": "Toyota Tacoma 4WD",
      "paymentDate": "2024-10-12T05:46:50.029Z",
      "mode": "Credit Card",
      "total": "$1000",
      "feature": "Delivery",
      "img": "assets/images/cab/car/22.jpg",
      "driver_name": "Sophia Lopez",
      "driver_img": "assets/images/driver/d1.png",
      "status": "Pending",
      "bookedOn": "16 Oct 2023",
      "pickup_date_time": "16 Oct 2023, 12:30 PM",
      "end_date_time": "16 Oct 2023, 12:30 PM",
      "number_of_days": "4 days",
      "price_per_day": 45,
      "total_amount": 1000,
      "billed_to": {
        "name": "Jone Doe",
        "contact_number": "9087484288",
        "address1": "Block A, Shivalik Colony",
        "address2": "Malviya Nagar, New Delhi",
        "postal_code": "110017",
        "city": "New Delhi",
        "country": "India"
      },
      "invoice_from": {
        "name": "Smith Doe",
        "contact_number": "8787366452",
        "address1": "Block A, Shivalik Colony",
        "address2": "Malviya Nagar, New Delhi",
        "postal_code": "110017",
        "city": "New Delhi",
        "country": "India"
      }
    }
  ],
  "totalData": 7
}
