{
  "data": [
    {
      "bookingId": "#1006",
      "carName": "Acura Sport Version",
      "deliveryStatus": "Self pickup",
      "rentalType": "Hourly",
      "pickupDeliveryLocation1": "78 Cityview Drive, Glenolden",
      "pickupDeliveryLocation2": "24 Nov 2023, 06:40 AM",
      "dropoffLocation1": "66 Ottis Street, Shawnee",
      "dropoffLocation2": "24 Nov 2023, 08:40 AM",
      "bookedOn": "24 Oct 2023",
      "pickup_date_time": "24 Oct 2023, 05:40 PM",
      "end_date_time": "24 Oct 2023, 05:40 PM",
      "number_of_days": "2 days",
      "price_per_day": 25,
      "total_amount": 50,
      "status": "Completed",
      "img": "assets/images/cab/car/21.jpg"
    },
    {
      "bookingId": "#1007",
      "carName": "Toyota Tacoma 4WD",
      "img": "assets/images/cab/car/23.jpg",
      "rentalType": "Monthly",
      "booked_for": "5 Days",
      "deliveryStatus": "Delivery",
      "pickupDeliveryLocation1": "41 Duke Lane,",
      "pickupDeliveryLocation2": "Branchburg 15 Dec 2023, 04:30 PM",
      "dropoffLocation1": "80 Glory Road,",
      "dropoffLocation2": "Nashville 15 Jan 2024, 04:30 PM",
      "bookedOn": "02 Nov 2023, 07:30 AM",
      "pickup_date_time": "18 Sep 2023, 08:10 PM",
      "end_date_time": "18 Sep 2023, 08:10 PM",
      "number_of_days": "5 days",
      "price_per_day": 100,
      "total_amount": 500,
      "status": "Completed"
    }
  ],
  "totalData": 2
}
