{
  "data": [
    {
      "vin_number": "1HGCM82633A004352",
      "car_name": "Honda Accord",
      "img": "assets/images/cab/car/24.jpg",
      "owner_name": "Michael Johnson",
      "owner_img": "assets/images/driver/d1.png",
      "model": "2023",
      "branch": "South zone",
      "user_type": "Car Owner",
      "plate_number": "ABC123",
      "price_per_day": 45,
      "price_per_week": 245,
      "price_per_month": 445,
      "vehicle_status": "Available",
      "status": "Active"
    },
    {
      "vin_number": "3FAHP0HA6CR241584",
      "car_name": "Ford Fusion",
      "img": "assets/images/cab/car/21.jpg",
      "owner_name": "Emily Carter",
      "owner_img": "assets/images/driver/d2.png",
      "model": "2022",
      "branch": "Est zone",
      "user_type": "Fleet Company",
      "plate_number": "XYZ987",
      "price_per_day": 50,
      "price_per_week": 250,
      "price_per_month": 450,
      "vehicle_status": "Booked",
      "status": "Active"
    },
    {
      "vin_number": "2C3KA63H76H456789",
      "car_name": "Chrysler 300",
      "img": "assets/images/cab/car/25.jpg",
      "owner_name": "Sarah Thompson",
      "owner_img": "assets/images/driver/d4.png",
      "model": "2021",
      "branch": "Est zone",
      "user_type": "Fleet Company",
      "plate_number": "GHI456",
      "price_per_day": 60,
      "price_per_week": 260,
      "price_per_month": 460,
      "vehicle_status": "KYC Pending",
      "status": "Inactive"
    },
    {
      "vin_number": "JH4KA8260MC000124",
      "car_name": "Acura TL",
      "img": "assets/images/cab/car/23.jpg",
      "owner_name": "James Anderson",
      "owner_img": "assets/images/driver/d3.png",
      "model": "2020",
      "branch": "Est zone",
      "user_type": "Driver Owned Car",
      "plate_number": "LMN321",
      "price_per_day": 55,
      "price_per_week": 255,
      "price_per_month": 455,
      "vehicle_status": "Available",
      "status": "Active"
    },
    {
      "vin_number": "1N4AL11D75C109151",
      "car_name": "Nissan Altima",
      "img": "assets/images/cab/car/25.jpg",
      "owner_name": "Olivia Martinez",
      "owner_img": "assets/images/driver/d1.png",
      "model": "2023",
      "branch": "South zone",
      "user_type": "Fleet Company",
      "plate_number": "PQR678",
      "price_per_day": 47,
      "price_per_week": 247,
      "price_per_month": 447,
      "vehicle_status": "Booked",
      "status": "Active"
    },
    {
      "vin_number": "1FTSW21P07EB73990",
      "car_name": "Ford F-150",
      "img": "assets/images/cab/car/21.jpg",
      "owner_name": "David Wilson",
      "owner_img": "assets/images/driver/d5.png",
      "model": "2022",
      "branch": "South zone",
      "user_type": "Car Owner",
      "plate_number": "DEF123",
      "price_per_day": 70,
      "price_per_week": 270,
      "price_per_month": 470,
      "vehicle_status": "KYC Pending",
      "status": "Inactive"
    },
    {
      "vin_number": "2G1WB58K281236475",
      "car_name": "Chevrolet Impala",
      "img": "assets/images/cab/car/22.jpg",
      "owner_name": "James Anderson",
      "owner_img": "assets/images/driver/d3.png",
      "model": "2021",
      "branch": "Est zone",
      "user_type": "Driver Owned Car",
      "plate_number": "UVW123",
      "price_per_day": 40,
      "price_per_week": 240,
      "price_per_month": 440,
      "vehicle_status": "Available",
      "status": "Active"
    },
    {
      "vin_number": "WDBUF56X77B123456",
      "car_name": "Mercedes-Benz E350",
      "img": "assets/images/cab/car/21.jpg",
      "owner_name": "Michael Johnson",
      "owner_img": "assets/images/driver/d1.png",
      "model": "2020",
      "branch": "South zone",
      "user_type": "Fleet Company",
      "plate_number": "RST789",
      "price_per_day": 90,
      "price_per_week": 290,
      "price_per_month": 490,
      "vehicle_status": "Available",
      "status": "Inactive"
    },
    {
      "vin_number": "1C4RJFAG8FC123456",
      "car_name": "Jeep Grand Cherokee",
      "img": "assets/images/cab/car/24.jpg",
      "owner_name": "Emily Carter",
      "owner_img": "assets/images/driver/d2.png",
      "model": "2023",
      "branch": "Est zone",
      "user_type": "Fleet Company",
      "plate_number": "JKL123",
      "price_per_day": 75,
      "price_per_week": 275,
      "price_per_month": 475,
      "vehicle_status": "KYC Pending",
      "status": "Inactive"
    },
    {
      "vin_number": "5NPEB4AC8CH123456",
      "car_name": "Hyundai Sonata",
      "img": "assets/images/cab/car/25.jpg",
      "owner_name": "Sarah Thompson",
      "owner_img": "assets/images/driver/d4.png",
      "model": "2022",
      "branch": "South zone",
      "user_type": "Fleet Company",
      "plate_number": "NOP456",
      "price_per_day": 50,
      "price_per_week": 250,
      "price_per_month": 450,
      "vehicle_status": "Booked",
      "status": "Active"
    },
    {
      "vin_number": "JTEBU5JR2F1234567",
      "car_name": "Toyota 4Runner",
      "img": "assets/images/cab/car/22.jpg",
      "owner_name": "James Anderson",
      "owner_img": "assets/images/driver/d3.png",
      "model": "2021",
      "branch": "Est zone",
      "user_type": "Fleet Company",
      "plate_number": "STU567",
      "price_per_day": 85,
      "price_per_week": 285,
      "price_per_month": 485,
      "vehicle_status": "Available",
      "status": "Active"
    },
    {
      "vin_number": "WA1L2AFP5FA123456",
      "car_name": "Audi Q5",
      "img": "assets/images/cab/car/25.jpg",
      "owner_name": "James Anderson",
      "owner_img": "assets/images/driver/d3.png",
      "model": "2023",
      "branch": "Est zone",
      "user_type": "Driver Owned Car",
      "plate_number": "YZX890",
      "price_per_day": 100,
      "price_per_week": 2100,
      "price_per_month": 4100,
      "vehicle_status": "Booked",
      "status": "Active"
    }
  ],
  "totalData": 12
}
